Date,Open,High,Low,Close,Adj Close,Volume,Name
2021-05-05,129.1999969482422,130.4499969482422,127.97000122070312,128.10000610351562,127.69147491455078,84000900,AAPL
2021-05-06,127.88999938964844,129.75,127.12999725341795,129.74000549316406,129.32623291015625,78128300,AAPL
2021-05-07,130.85000610351562,131.25999450683594,129.47999572753906,130.2100067138672,130.0152130126953,78973300,AAPL
2021-05-10,129.41000366210938,129.5399932861328,126.80999755859376,126.8499984741211,126.66022491455078,88071200,AAPL
2021-05-11,123.5,126.2699966430664,122.7699966430664,125.91000366210938,125.72164154052734,126142800,AAPL
2021-05-12,123.4000015258789,124.63999938964844,122.25,122.7699966430664,122.58633422851562,112172300,AAPL
2021-05-13,124.58000183105467,126.1500015258789,124.26000213623048,124.97000122070312,124.78304290771484,105861300,AAPL
2021-05-14,126.25,127.88999938964844,125.8499984741211,127.4499969482422,127.25933074951172,81918000,AAPL
2021-05-17,126.81999969482422,126.93000030517578,125.16999816894533,126.2699966430664,126.08109283447266,74244600,AAPL
2021-05-18,126.55999755859376,126.98999786376952,124.77999877929688,124.8499984741211,124.66322326660156,63342900,AAPL
2021-05-19,123.16000366210938,124.91999816894533,122.86000061035156,124.69000244140624,124.5034637451172,92612000,AAPL
2021-05-20,125.2300033569336,127.72000122070312,125.0999984741211,127.30999755859376,127.11953735351562,76857100,AAPL
2021-05-21,127.81999969482422,128.0,125.20999908447266,125.43000030517578,125.24235534667967,79295400,AAPL
2021-05-24,126.01000213623048,127.94000244140624,125.94000244140624,127.0999984741211,126.90985107421876,63092900,AAPL
2021-05-25,127.81999969482422,128.32000732421875,126.31999969482422,126.9000015258789,126.7101593017578,72009500,AAPL
2021-05-26,126.95999908447266,127.38999938964844,126.41999816894533,126.8499984741211,126.66022491455078,56575900,AAPL
2021-05-27,126.44000244140624,127.63999938964844,125.08000183105467,125.27999877929688,125.0925750732422,94625600,AAPL
2021-05-28,125.56999969482422,125.8000030517578,124.5500030517578,124.61000061035156,124.423583984375,71311100,AAPL
2021-06-01,125.08000183105467,125.3499984741211,123.94000244140624,124.27999877929688,124.09407043457033,67637100,AAPL
2021-06-02,124.27999877929688,125.23999786376952,124.0500030517578,125.05999755859376,124.8729019165039,59278900,AAPL
2021-06-03,124.68000030517578,124.8499984741211,123.12999725341795,123.54000091552734,123.35518646240234,76229200,AAPL
2021-06-04,124.06999969482422,126.16000366210938,123.8499984741211,125.88999938964844,125.70166778564452,75169300,AAPL
2021-06-07,126.16999816894533,126.31999969482422,124.83000183105467,125.9000015258789,125.71165466308594,71057600,AAPL
2021-06-08,126.5999984741211,128.4600067138672,126.20999908447266,126.73999786376952,126.5503921508789,74403800,AAPL
2021-06-09,127.20999908447266,127.75,126.5199966430664,127.12999725341795,126.93981170654295,56877900,AAPL
2021-06-10,127.0199966430664,128.19000244140625,125.94000244140624,126.11000061035156,125.9213409423828,71186400,AAPL
2021-06-11,126.52999877929688,127.44000244140624,126.0999984741211,127.3499984741211,127.15947723388672,53522400,AAPL
2021-06-14,127.81999969482422,130.5399932861328,127.06999969482422,130.47999572753906,130.2847900390625,96906500,AAPL
2021-06-15,129.94000244140625,130.60000610351562,129.38999938964844,129.63999938964844,129.44606018066406,62746300,AAPL
2021-06-16,130.3699951171875,130.88999938964844,128.4600067138672,130.14999389648438,129.95529174804688,91815000,AAPL
2021-06-17,129.8000030517578,132.5500030517578,129.64999389648438,131.7899932861328,131.59283447265625,96721700,AAPL
2021-06-18,130.7100067138672,131.50999450683594,130.24000549316406,130.4600067138672,130.26483154296875,108953300,AAPL
2021-06-21,130.3000030517578,132.41000366210938,129.2100067138672,132.3000030517578,132.10208129882812,79663300,AAPL
2021-06-22,132.1300048828125,134.0800018310547,131.6199951171875,133.97999572753906,133.77955627441406,74783600,AAPL
2021-06-23,133.77000427246094,134.32000732421875,133.22999572753906,133.6999969482422,133.49998474121094,60214200,AAPL
2021-06-24,134.4499969482422,134.63999938964844,132.92999267578125,133.41000366210938,133.21041870117188,68711000,AAPL
2021-06-25,133.4600067138672,133.88999938964844,132.80999755859375,133.11000061035156,132.91087341308594,70783700,AAPL
2021-06-28,133.41000366210938,135.25,133.35000610351562,134.77999877929688,134.578369140625,62111300,AAPL
2021-06-29,134.8000030517578,136.49000549316406,134.35000610351562,136.3300018310547,136.1260528564453,64556100,AAPL
2021-06-30,136.1699981689453,137.41000366210938,135.8699951171875,136.9600067138672,136.75511169433594,63261400,AAPL
2021-07-01,136.60000610351562,137.3300018310547,135.75999450683594,137.27000427246094,137.0646514892578,52485800,AAPL
2021-07-02,137.89999389648438,140.0,137.75,139.9600067138672,139.75062561035156,78852600,AAPL
2021-07-06,140.07000732421875,143.14999389648438,140.07000732421875,142.02000427246094,141.8075408935547,108181800,AAPL
2021-07-07,143.5399932861328,144.88999938964844,142.66000366210938,144.57000732421875,144.35372924804688,104911600,AAPL
2021-07-08,141.5800018310547,144.05999755859375,140.6699981689453,143.24000549316406,143.0257110595703,105575500,AAPL
2021-07-09,142.75,145.64999389648438,142.64999389648438,145.11000061035156,144.89291381835938,99890800,AAPL
2021-07-12,146.2100067138672,146.32000732421875,144.0,144.5,144.28382873535156,76299700,AAPL
2021-07-13,144.02999877929688,147.4600067138672,143.6300048828125,145.63999938964844,145.422119140625,100827100,AAPL
2021-07-14,148.10000610351562,149.57000732421875,147.67999267578125,149.14999389648438,148.92686462402344,127050800,AAPL
2021-07-15,149.24000549316406,150.0,147.08999633789062,148.47999572753906,148.25787353515625,106820300,AAPL
2021-07-16,148.4600067138672,149.75999450683594,145.8800048828125,146.38999938964844,146.17098999023438,93251400,AAPL
2021-07-19,143.75,144.07000732421875,141.6699981689453,142.4499969482422,142.2368927001953,121434600,AAPL
2021-07-20,143.4600067138672,147.10000610351562,142.9600067138672,146.14999389648438,145.9313507080078,96350000,AAPL
2021-07-21,145.52999877929688,146.1300048828125,144.6300048828125,145.39999389648438,145.18247985839844,74993500,AAPL
2021-07-22,145.94000244140625,148.1999969482422,145.80999755859375,146.8000030517578,146.58038330078125,77338200,AAPL
2021-07-23,147.5500030517578,148.72000122070312,146.9199981689453,148.55999755859375,148.33775329589844,71447400,AAPL
2021-07-26,148.27000427246094,149.8300018310547,147.6999969482422,148.99000549316406,148.76712036132812,72434100,AAPL
2021-07-27,149.1199951171875,149.2100067138672,145.5500030517578,146.77000427246094,146.55043029785156,104818600,AAPL
2021-07-28,144.80999755859375,146.97000122070312,142.5399932861328,144.97999572753906,144.7631072998047,118931200,AAPL
2021-07-29,144.69000244140625,146.5500030517578,144.5800018310547,145.63999938964844,145.422119140625,56699500,AAPL
2021-07-30,144.3800048828125,146.3300018310547,144.11000061035156,145.86000061035156,145.64178466796875,70382000,AAPL
2021-08-02,146.36000061035156,146.9499969482422,145.25,145.52000427246094,145.30230712890625,62880000,AAPL
2021-08-03,145.80999755859375,148.0399932861328,145.17999267578125,147.36000061035156,147.13954162597656,64786600,AAPL
2021-08-04,147.27000427246094,147.7899932861328,146.27999877929688,146.9499969482422,146.73016357421875,56368300,AAPL
2021-08-05,146.97999572753906,147.83999633789062,146.1699981689453,147.05999755859375,146.83999633789062,46397700,AAPL
2021-08-06,146.35000610351562,147.11000061035156,145.6300048828125,146.13999938964844,146.13999938964844,54067400,AAPL
2021-08-09,146.1999969482422,146.6999969482422,145.52000427246094,146.08999633789062,146.08999633789062,48908700,AAPL
2021-08-10,146.44000244140625,147.7100067138672,145.3000030517578,145.60000610351562,145.60000610351562,69023100,AAPL
2021-08-11,146.0500030517578,146.72000122070312,145.52999877929688,145.86000061035156,145.86000061035156,48493500,AAPL
2021-08-12,146.19000244140625,149.0500030517578,145.83999633789062,148.88999938964844,148.88999938964844,72282600,AAPL
2021-08-13,148.97000122070312,149.44000244140625,148.27000427246094,149.10000610351562,149.10000610351562,59318800,AAPL
2021-08-16,148.5399932861328,151.19000244140625,146.47000122070312,151.1199951171875,151.1199951171875,103296000,AAPL
2021-08-17,150.22999572753906,151.67999267578125,149.08999633789062,150.19000244140625,150.19000244140625,92229700,AAPL
2021-08-18,149.8000030517578,150.72000122070312,146.14999389648438,146.36000061035156,146.36000061035156,86326000,AAPL
2021-08-19,145.02999877929688,148.0,144.5,146.6999969482422,146.6999969482422,86960300,AAPL
2021-08-20,147.44000244140625,148.5,146.77999877929688,148.19000244140625,148.19000244140625,59947400,AAPL
2021-08-23,148.30999755859375,150.19000244140625,147.88999938964844,149.7100067138672,149.7100067138672,60131800,AAPL
2021-08-24,149.4499969482422,150.86000061035156,149.14999389648438,149.6199951171875,149.6199951171875,48606400,AAPL
2021-08-25,149.80999755859375,150.32000732421875,147.8000030517578,148.36000061035156,148.36000061035156,58991300,AAPL
2021-08-26,148.35000610351562,149.1199951171875,147.50999450683594,147.5399932861328,147.5399932861328,48597200,AAPL
2021-08-27,147.47999572753906,148.75,146.8300018310547,148.60000610351562,148.60000610351562,55721500,AAPL
2021-08-30,149.0,153.49000549316406,148.61000061035156,153.1199951171875,153.1199951171875,90956700,AAPL
2021-08-31,152.66000366210938,152.8000030517578,151.2899932861328,151.8300018310547,151.8300018310547,86453100,AAPL
2021-09-01,152.8300018310547,154.97999572753906,152.33999633789062,152.50999450683594,152.50999450683594,80313700,AAPL
2021-09-02,153.8699951171875,154.72000122070312,152.39999389648438,153.64999389648438,153.64999389648438,71115500,AAPL
2021-09-03,153.75999450683594,154.6300048828125,153.08999633789062,154.3000030517578,154.3000030517578,57808700,AAPL
2021-09-07,154.97000122070312,157.25999450683594,154.38999938964844,156.69000244140625,156.69000244140625,82278300,AAPL
2021-09-08,156.97999572753906,157.0399932861328,153.97999572753906,155.11000061035156,155.11000061035156,74420200,AAPL
2021-09-09,155.49000549316406,156.11000061035156,153.9499969482422,154.07000732421875,154.07000732421875,57305700,AAPL
2021-09-10,155.0,155.47999572753906,148.6999969482422,148.97000122070312,148.97000122070312,140646400,AAPL
2021-05-05,2368.419921875,2382.199951171875,2351.409912109375,2356.739990234375,2356.739990234375,1090300,GOOG
2021-05-06,2350.639892578125,2382.7099609375,2342.337890625,2381.35009765625,2381.35009765625,1030900,GOOG
2021-05-07,2400.0,2416.409912109375,2390.0,2398.68994140625,2398.68994140625,1163600,GOOG
2021-05-10,2374.889892578125,2378.0,2334.72998046875,2341.659912109375,2341.659912109375,1300300,GOOG
2021-05-11,2291.860107421875,2322.0,2283.0,2308.760009765625,2308.760009765625,1605500,GOOG
2021-05-12,2261.7099609375,2285.3701171875,2230.050048828125,2239.080078125,2239.080078125,1746700,GOOG
2021-05-13,2261.090087890625,2276.60107421875,2242.719970703125,2261.969970703125,2261.969970703125,1333500,GOOG
2021-05-14,2291.830078125,2321.139892578125,2283.320068359375,2316.159912109375,2316.159912109375,1331200,GOOG
2021-05-17,2309.320068359375,2323.340087890625,2295.0,2321.409912109375,2321.409912109375,992100,GOOG
2021-05-18,2336.906005859375,2343.14990234375,2303.159912109375,2303.429931640625,2303.429931640625,865100,GOOG
2021-05-19,2264.39990234375,2316.760009765625,2263.52001953125,2308.7099609375,2308.7099609375,967500,GOOG
2021-05-20,2328.0400390625,2360.340087890625,2321.090087890625,2356.090087890625,2356.090087890625,1191600,GOOG
2021-05-21,2365.989990234375,2369.0,2342.3701171875,2345.10009765625,2345.10009765625,1141600,GOOG
2021-05-24,2367.0,2418.47998046875,2360.110107421875,2406.669921875,2406.669921875,1062200,GOOG
2021-05-25,2420.0,2432.889892578125,2402.989990234375,2409.070068359375,2409.070068359375,941900,GOOG
2021-05-26,2412.8349609375,2442.944091796875,2412.514892578125,2433.530029296875,2433.530029296875,1092800,GOOG
2021-05-27,2436.93994140625,2440.0,2402.0,2402.510009765625,2402.510009765625,1948100,GOOG
2021-05-28,2421.9599609375,2428.139892578125,2407.68994140625,2411.56005859375,2411.56005859375,1205400,GOOG
2021-06-01,2422.0,2437.970947265625,2404.8798828125,2429.81005859375,2429.81005859375,958300,GOOG
2021-06-02,2435.31005859375,2442.0,2404.199951171875,2421.280029296875,2421.280029296875,857900,GOOG
2021-06-03,2395.02001953125,2409.7451171875,2382.830078125,2404.610107421875,2404.610107421875,917300,GOOG
2021-06-04,2422.52001953125,2453.85888671875,2417.77001953125,2451.760009765625,2451.760009765625,1297400,GOOG
2021-06-07,2451.320068359375,2468.0,2441.072998046875,2466.090087890625,2466.090087890625,1192500,GOOG
2021-06-08,2479.89990234375,2494.4951171875,2468.239990234375,2482.85009765625,2482.85009765625,1253000,GOOG
2021-06-09,2499.5,2505.0,2487.330078125,2491.39990234375,2491.39990234375,1006300,GOOG
2021-06-10,2494.010009765625,2523.260009765625,2494.0,2521.60009765625,2521.60009765625,1561700,GOOG
2021-06-11,2524.919921875,2526.989990234375,2498.2900390625,2513.929931640625,2513.929931640625,1262000,GOOG
2021-06-14,2513.389892578125,2528.22998046875,2500.93994140625,2527.0400390625,2527.0400390625,1127500,GOOG
2021-06-15,2530.43994140625,2537.239990234375,2512.969970703125,2520.659912109375,2520.659912109375,1109100,GOOG
2021-06-16,2524.949951171875,2530.469970703125,2482.9990234375,2513.929931640625,2513.929931640625,1315800,GOOG
2021-06-17,2510.4599609375,2543.929931640625,2510.300048828125,2527.419921875,2527.419921875,1287800,GOOG
2021-06-18,2514.110107421875,2527.780029296875,2492.06005859375,2511.35009765625,2511.35009765625,2665300,GOOG
2021-06-21,2514.800048828125,2540.735107421875,2502.68505859375,2529.10009765625,2529.10009765625,1312800,GOOG
2021-06-22,2529.0,2545.39990234375,2520.530029296875,2539.989990234375,2539.989990234375,1049200,GOOG
2021-06-23,2531.0,2555.919921875,2525.0400390625,2529.22998046875,2529.22998046875,984700,GOOG
2021-06-24,2541.070068359375,2550.7099609375,2539.199951171875,2545.639892578125,2545.639892578125,946700,GOOG
2021-06-25,2539.139892578125,2550.10009765625,2528.8798828125,2539.89990234375,2539.89990234375,1674200,GOOG
2021-06-28,2540.0,2546.739990234375,2519.47607421875,2536.389892578125,2536.389892578125,1405500,GOOG
2021-06-29,2535.449951171875,2540.0,2508.739990234375,2520.3701171875,2520.3701171875,1047500,GOOG
2021-06-30,2513.071044921875,2516.0,2495.14990234375,2506.320068359375,2506.320068359375,1200300,GOOG
2021-07-01,2496.9951171875,2529.25,2496.9951171875,2527.3701171875,2527.3701171875,856000,GOOG
2021-07-02,2536.7900390625,2576.9599609375,2535.3798828125,2574.3798828125,2574.3798828125,1058000,GOOG
2021-07-06,2588.989990234375,2597.68994140625,2568.179931640625,2595.419921875,2595.419921875,1067500,GOOG
2021-07-07,2606.820068359375,2612.798095703125,2595.199951171875,2601.550048828125,2601.550048828125,834000,GOOG
2021-07-08,2565.0,2600.64990234375,2560.800048828125,2583.5400390625,2583.5400390625,989000,GOOG
2021-07-09,2578.889892578125,2596.989990234375,2578.8701171875,2591.489990234375,2591.489990234375,755300,GOOG
2021-07-12,2596.669921875,2615.39990234375,2592.0,2611.280029296875,2611.280029296875,847200,GOOG
2021-07-13,2617.6298828125,2640.840087890625,2612.739990234375,2619.889892578125,2619.889892578125,830900,GOOG
2021-07-14,2638.030029296875,2659.919921875,2637.9599609375,2641.64990234375,2641.64990234375,895600,GOOG
2021-07-15,2650.0,2651.89990234375,2611.9599609375,2625.330078125,2625.330078125,829300,GOOG
2021-07-16,2632.820068359375,2643.659912109375,2616.429931640625,2636.909912109375,2636.909912109375,742800,GOOG
2021-07-19,2623.110107421875,2624.93994140625,2570.739990234375,2585.080078125,2585.080078125,1285500,GOOG
2021-07-20,2600.080078125,2640.027099609375,2583.76806640625,2622.030029296875,2622.030029296875,954200,GOOG
2021-07-21,2615.739990234375,2652.344970703125,2612.030029296875,2652.010009765625,2652.010009765625,737100,GOOG
2021-07-22,2653.0,2670.090087890625,2648.0,2666.570068359375,2666.570068359375,680400,GOOG
2021-07-23,2705.199951171875,2776.169921875,2694.010009765625,2756.320068359375,2756.320068359375,1318900,GOOG
2021-07-26,2765.0,2794.260009765625,2753.02001953125,2792.889892578125,2792.889892578125,1152600,GOOG
2021-07-27,2800.219970703125,2800.219970703125,2702.0,2735.929931640625,2735.929931640625,2108200,GOOG
2021-07-28,2771.239990234375,2793.52001953125,2727.0,2727.6298828125,2727.6298828125,2734400,GOOG
2021-07-29,2727.612060546875,2743.030029296875,2722.760009765625,2730.81005859375,2730.81005859375,964200,GOOG
2021-07-30,2710.219970703125,2715.427001953125,2696.283935546875,2704.419921875,2704.419921875,1196600,GOOG
2021-08-02,2709.68994140625,2720.409912109375,2693.389892578125,2719.7900390625,2719.7900390625,1007000,GOOG
2021-08-03,2720.0,2726.7099609375,2683.669921875,2725.60009765625,2725.60009765625,953200,GOOG
2021-08-04,2724.989990234375,2730.760009765625,2708.300048828125,2720.570068359375,2720.570068359375,826400,GOOG
2021-08-05,2720.570068359375,2739.0,2712.0,2738.800048828125,2738.800048828125,593300,GOOG
2021-08-06,2725.89990234375,2741.60107421875,2720.929931640625,2740.719970703125,2740.719970703125,678000,GOOG
2021-08-09,2738.97998046875,2766.429931640625,2728.574951171875,2760.0400390625,2760.0400390625,618700,GOOG
2021-08-10,2761.590087890625,2771.030029296875,2744.530029296875,2761.929931640625,2761.929931640625,801700,GOOG
2021-08-11,2765.659912109375,2776.955078125,2747.0,2753.7900390625,2753.7900390625,760200,GOOG
2021-08-12,2754.260009765625,2768.360107421875,2735.580078125,2767.7900390625,2767.7900390625,732300,GOOG
2021-08-13,2767.14990234375,2773.47998046875,2760.10009765625,2768.1201171875,2768.1201171875,628600,GOOG
2021-08-16,2760.0,2779.81005859375,2723.31494140625,2778.320068359375,2778.320068359375,902000,GOOG
2021-08-17,2763.820068359375,2774.3701171875,2735.75,2746.010009765625,2746.010009765625,1063600,GOOG
2021-08-18,2742.31005859375,2765.8798828125,2728.419921875,2731.39990234375,2731.39990234375,746700,GOOG
2021-08-19,2709.35009765625,2749.0400390625,2707.1201171875,2738.27001953125,2738.27001953125,914800,GOOG
2021-08-20,2741.659912109375,2772.2900390625,2729.340087890625,2768.739990234375,2768.739990234375,778200,GOOG
2021-08-23,2779.969970703125,2843.5400390625,2774.958984375,2821.989990234375,2821.989990234375,1054500,GOOG
2021-08-24,2830.8701171875,2860.14990234375,2827.070068359375,2847.969970703125,2847.969970703125,756300,GOOG
2021-08-25,2857.659912109375,2866.260009765625,2848.7900390625,2859.0,2859.0,641900,GOOG
2021-08-26,2852.3701171875,2862.696044921875,2841.830078125,2842.4599609375,2842.4599609375,746100,GOOG
2021-08-27,2842.25,2900.219970703125,2840.39990234375,2891.010009765625,2891.010009765625,1228100,GOOG
2021-08-30,2894.090087890625,2929.7900390625,2892.0,2909.389892578125,2909.389892578125,845800,GOOG
2021-08-31,2917.68994140625,2922.239990234375,2900.0,2909.239990234375,2909.239990234375,1337800,GOOG
2021-09-01,2913.0,2936.409912109375,2912.2900390625,2916.840087890625,2916.840087890625,791200,GOOG
2021-09-02,2918.989990234375,2926.5,2882.1298828125,2884.3798828125,2884.3798828125,1092200,GOOG
2021-09-03,2882.919921875,2907.5400390625,2870.10009765625,2895.5,2895.5,955200,GOOG
2021-09-07,2894.989990234375,2916.47998046875,2890.820068359375,2910.3798828125,2910.3798828125,758500,GOOG
2021-09-08,2907.8701171875,2911.02001953125,2884.0,2897.669921875,2897.669921875,774300,GOOG
2021-09-09,2897.669921875,2913.389892578125,2888.679931640625,2898.27001953125,2898.27001953125,739900,GOOG
2021-09-10,2908.8701171875,2920.3798828125,2834.830078125,2838.419921875,2838.419921875,1643500,GOOG
2021-05-05,2328.6298828125,2335.0,2308.280029296875,2314.77001953125,2314.77001953125,1331800,GOOGL
2021-05-06,2306.330078125,2337.35009765625,2293.0400390625,2337.35009765625,2337.35009765625,1259500,GOOGL
2021-05-07,2363.889892578125,2371.25,2346.159912109375,2351.929931640625,2351.929931640625,1444900,GOOGL
2021-05-10,2328.139892578125,2331.0,2284.5400390625,2291.75,2291.75,1545700,GOOGL
2021-05-11,2243.070068359375,2280.280029296875,2233.919921875,2270.06005859375,2270.06005859375,1709300,GOOGL
2021-05-12,2226.18994140625,2247.97998046875,2193.6201171875,2200.25,2200.25,2318800,GOOGL
2021-05-13,2226.1201171875,2239.43994140625,2206.719970703125,2229.0400390625,2229.0400390625,1660200,GOOGL
2021-05-14,2258.5400390625,2284.719970703125,2250.0,2278.3798828125,2278.3798828125,1599800,GOOGL
2021-05-17,2263.570068359375,2289.780029296875,2255.510009765625,2288.919921875,2288.919921875,1079900,GOOGL
2021-05-18,2302.35009765625,2307.679931640625,2262.18994140625,2262.469970703125,2262.469970703125,1110200,GOOGL
2021-05-19,2228.429931640625,2274.989990234375,2225.43994140625,2271.5,2271.5,1184200,GOOGL
2021-05-20,2291.0,2312.0,2283.52001953125,2306.949951171875,2306.949951171875,1617600,GOOGL
2021-05-21,2317.409912109375,2318.889892578125,2289.300048828125,2294.1298828125,2294.1298828125,2031600,GOOGL
2021-05-24,2314.889892578125,2365.550048828125,2311.9599609375,2361.0400390625,2361.0400390625,1591600,GOOGL
2021-05-25,2372.0,2384.0,2355.0,2362.8701171875,2362.8701171875,1122000,GOOGL
2021-05-26,2366.52001953125,2388.989990234375,2366.4599609375,2380.31005859375,2380.31005859375,1078600,GOOGL
2021-05-27,2389.050048828125,2389.050048828125,2356.260009765625,2362.679931640625,2362.679931640625,1761200,GOOGL
2021-05-28,2374.419921875,2376.070068359375,2352.85009765625,2356.85009765625,2356.85009765625,1074100,GOOGL
2021-06-01,2374.43994140625,2385.7099609375,2354.280029296875,2381.179931640625,2381.179931640625,1167700,GOOGL
2021-06-02,2389.14990234375,2393.639892578125,2352.360107421875,2370.590087890625,2370.590087890625,1057900,GOOGL
2021-06-03,2345.72998046875,2357.02001953125,2329.52001953125,2347.580078125,2347.580078125,934800,GOOGL
2021-06-04,2369.27001953125,2399.030029296875,2362.409912109375,2393.570068359375,2393.570068359375,1222900,GOOGL
2021-06-07,2389.43994140625,2404.510009765625,2381.0,2402.300048828125,2402.300048828125,1206000,GOOGL
2021-06-08,2412.010009765625,2419.52001953125,2394.780029296875,2398.43994140625,2398.43994140625,1212000,GOOGL
2021-06-09,2411.429931640625,2412.8798828125,2396.89990234375,2407.93994140625,2407.93994140625,897100,GOOGL
2021-06-10,2406.919921875,2436.0,2403.780029296875,2435.1298828125,2435.1298828125,1295200,GOOGL
2021-06-11,2440.0,2441.719970703125,2418.9599609375,2430.199951171875,2430.199951171875,1097900,GOOGL
2021-06-14,2432.260009765625,2448.919921875,2418.0,2448.909912109375,2448.909912109375,1104900,GOOGL
2021-06-15,2449.0,2455.510009765625,2421.1201171875,2428.389892578125,2428.389892578125,1078100,GOOGL
2021-06-16,2431.43994140625,2437.719970703125,2389.39990234375,2415.449951171875,2415.449951171875,1323600,GOOGL
2021-06-17,2413.949951171875,2450.449951171875,2410.0,2434.8701171875,2434.8701171875,1292100,GOOGL
2021-06-18,2427.340087890625,2432.06005859375,2400.300048828125,2402.219970703125,2402.219970703125,2305800,GOOGL
2021-06-21,2410.010009765625,2440.0,2397.969970703125,2436.25,2436.25,1370700,GOOGL
2021-06-22,2435.0,2448.0,2421.280029296875,2446.610107421875,2446.610107421875,1119500,GOOGL
2021-06-23,2441.8701171875,2461.909912109375,2436.68994140625,2442.5400390625,2442.5400390625,957400,GOOGL
2021-06-24,2454.0,2461.110107421875,2446.0,2450.0,2450.0,1068100,GOOGL
2021-06-25,2440.0,2452.659912109375,2431.300048828125,2450.169921875,2450.169921875,1729700,GOOGL
2021-06-28,2453.570068359375,2455.699951171875,2428.110107421875,2450.719970703125,2450.719970703125,1426300,GOOGL
2021-06-29,2453.409912109375,2460.419921875,2433.820068359375,2445.449951171875,2445.449951171875,1155400,GOOGL
2021-06-30,2439.889892578125,2445.139892578125,2427.090087890625,2441.7900390625,2441.7900390625,1223700,GOOGL
2021-07-01,2434.5,2451.739990234375,2430.6298828125,2448.889892578125,2448.889892578125,905500,GOOGL
2021-07-02,2463.0,2508.080078125,2461.18994140625,2505.14990234375,2505.14990234375,1299100,GOOGL
2021-07-06,2512.969970703125,2528.56005859375,2491.64990234375,2523.800048828125,2523.800048828125,1320200,GOOGL
2021-07-07,2543.239990234375,2545.679931640625,2523.06005859375,2529.47998046875,2529.47998046875,1203000,GOOGL
2021-07-08,2480.52001953125,2511.909912109375,2480.43994140625,2500.8798828125,2500.8798828125,1189500,GOOGL
2021-07-09,2500.5,2514.68994140625,2491.030029296875,2510.3701171875,2510.3701171875,931600,GOOGL
2021-07-12,2523.56005859375,2541.389892578125,2512.219970703125,2539.510009765625,2539.510009765625,883400,GOOGL
2021-07-13,2540.77001953125,2561.14990234375,2533.489990234375,2546.830078125,2546.830078125,962000,GOOGL
2021-07-14,2559.159912109375,2586.530029296875,2558.2900390625,2564.739990234375,2564.739990234375,1187100,GOOGL
2021-07-15,2572.97998046875,2574.0,2530.60009765625,2540.10009765625,2540.10009765625,1210900,GOOGL
2021-07-16,2553.260009765625,2556.22998046875,2523.070068359375,2539.39990234375,2539.39990234375,1021200,GOOGL
2021-07-19,2521.7900390625,2524.10009765625,2470.10009765625,2491.56005859375,2491.56005859375,1398400,GOOGL
2021-07-20,2510.550048828125,2540.860107421875,2487.010009765625,2524.18994140625,2524.18994140625,1315600,GOOGL
2021-07-21,2522.669921875,2551.919921875,2520.469970703125,2550.97998046875,2550.97998046875,1037300,GOOGL
2021-07-22,2556.8798828125,2569.659912109375,2549.97998046875,2568.429931640625,2568.429931640625,715100,GOOGL
2021-07-23,2608.610107421875,2667.97998046875,2596.010009765625,2660.300048828125,2660.300048828125,2075300,GOOGL
2021-07-26,2666.570068359375,2684.739990234375,2646.030029296875,2680.699951171875,2680.699951171875,1528600,GOOGL
2021-07-27,2685.010009765625,2687.97998046875,2602.080078125,2638.0,2638.0,2735500,GOOGL
2021-07-28,2726.239990234375,2765.93994140625,2705.550048828125,2721.8798828125,2721.8798828125,4756500,GOOGL
2021-07-29,2723.0,2733.219970703125,2710.860107421875,2715.550048828125,2715.550048828125,1585800,GOOGL
2021-07-30,2700.699951171875,2706.090087890625,2685.10009765625,2694.530029296875,2694.530029296875,1278200,GOOGL
2021-08-02,2702.340087890625,2706.72998046875,2675.8798828125,2697.090087890625,2697.090087890625,1081700,GOOGL
2021-08-03,2702.699951171875,2714.639892578125,2666.389892578125,2712.60009765625,2712.60009765625,1038100,GOOGL
2021-08-04,2706.989990234375,2712.989990234375,2689.739990234375,2702.510009765625,2702.510009765625,983800,GOOGL
2021-08-05,2713.610107421875,2727.0,2696.919921875,2725.030029296875,2725.030029296875,893500,GOOGL
2021-08-06,2720.840087890625,2729.449951171875,2704.199951171875,2714.77001953125,2714.77001953125,1023700,GOOGL
2021-08-09,2718.85009765625,2743.679931640625,2706.7900390625,2738.260009765625,2738.260009765625,888000,GOOGL
2021-08-10,2746.840087890625,2755.449951171875,2727.2900390625,2736.139892578125,2736.139892578125,970700,GOOGL
2021-08-11,2743.6298828125,2753.64990234375,2725.429931640625,2725.580078125,2725.580078125,767600,GOOGL
2021-08-12,2719.510009765625,2746.0,2708.510009765625,2743.8798828125,2743.8798828125,825300,GOOGL
2021-08-13,2745.0,2757.1298828125,2740.659912109375,2754.550048828125,2754.550048828125,797000,GOOGL
2021-08-16,2750.5,2767.25,2705.97998046875,2766.18994140625,2766.18994140625,1119200,GOOGL
2021-08-17,2755.0,2765.31005859375,2721.639892578125,2733.22998046875,2733.22998046875,1085800,GOOGL
2021-08-18,2730.0,2742.090087890625,2706.429931640625,2708.97998046875,2708.97998046875,962900,GOOGL
2021-08-19,2688.7099609375,2727.050048828125,2685.0,2713.60009765625,2713.60009765625,1089100,GOOGL
2021-08-20,2720.0,2751.080078125,2705.0,2748.590087890625,2748.590087890625,1558600,GOOGL
2021-08-23,2759.389892578125,2817.489990234375,2752.14990234375,2800.830078125,2800.830078125,1422700,GOOGL
2021-08-24,2812.22998046875,2841.60009765625,2806.77001953125,2825.22998046875,2825.22998046875,963400,GOOGL
2021-08-25,2832.5,2843.7900390625,2827.52001953125,2841.580078125,2841.580078125,792400,GOOGL
2021-08-26,2835.0,2848.35009765625,2827.139892578125,2828.81005859375,2828.81005859375,1030500,GOOGL
2021-08-27,2833.050048828125,2890.25,2829.93994140625,2880.080078125,2880.080078125,1438600,GOOGL
2021-08-30,2888.0,2919.409912109375,2883.260009765625,2891.81005859375,2891.81005859375,1221700,GOOGL
2021-08-31,2902.93994140625,2903.429931640625,2885.6201171875,2893.949951171875,2893.949951171875,1122400,GOOGL
2021-09-01,2900.0,2925.080078125,2897.669921875,2904.31005859375,2904.31005859375,1096800,GOOGL
2021-09-02,2904.320068359375,2910.389892578125,2863.699951171875,2865.739990234375,2865.739990234375,1617100,GOOGL
2021-09-03,2861.610107421875,2883.10009765625,2848.010009765625,2874.7900390625,2874.7900390625,992500,GOOGL
2021-09-07,2876.68994140625,2891.300048828125,2872.3798828125,2885.610107421875,2885.610107421875,1006200,GOOGL
2021-09-08,2882.0,2888.0,2860.0,2873.820068359375,2873.820068359375,917200,GOOGL
2021-09-09,2876.81005859375,2886.2099609375,2863.550048828125,2870.820068359375,2870.820068359375,765700,GOOGL
2021-09-10,2884.25,2894.3701171875,2814.760009765625,2817.52001953125,2817.52001953125,1840700,GOOGL
2021-05-05,681.0599975585938,685.2999877929688,667.3400268554688,670.9400024414062,670.9400024414062,21901900,TSLA
2021-05-06,680.760009765625,681.02001953125,650.0,663.5399780273438,663.5399780273438,27784600,TSLA
2021-05-07,665.7999877929688,690.0,660.219970703125,672.3699951171875,672.3699951171875,23469200,TSLA
2021-05-10,664.9000244140625,665.0499877929688,627.6099853515625,629.0399780273438,629.0399780273438,31392400,TSLA
2021-05-11,599.239990234375,627.0999755859375,595.5999755859375,617.2000122070312,617.2000122070312,46503900,TSLA
2021-05-12,602.489990234375,620.4099731445312,586.77001953125,589.8900146484375,589.8900146484375,33823600,TSLA
2021-05-13,601.5399780273438,606.4600219726562,559.6500244140625,571.6900024414062,571.6900024414062,44184900,TSLA
2021-05-14,583.4099731445312,592.8699951171875,570.4600219726562,589.739990234375,589.739990234375,33370900,TSLA
2021-05-17,575.5499877929688,589.72998046875,561.2000122070312,576.8300170898438,576.8300170898438,32390400,TSLA
2021-05-18,568.0,596.25,563.3800048828125,577.8699951171875,577.8699951171875,36830600,TSLA
2021-05-19,552.5499877929688,566.2100219726562,546.97998046875,563.4600219726562,563.4600219726562,39578400,TSLA
2021-05-20,575.0,588.8499755859375,571.0700073242188,586.780029296875,586.780029296875,30821100,TSLA
2021-05-21,596.1099853515625,596.6799926757812,580.0,580.8800048828125,580.8800048828125,26030600,TSLA
2021-05-24,581.5999755859375,614.47998046875,573.6500244140625,606.4400024414062,606.4400024414062,34558100,TSLA
2021-05-25,607.3099975585938,613.989990234375,595.7100219726562,604.6900024414062,604.6900024414062,28005900,TSLA
2021-05-26,607.5599975585938,626.1699829101562,601.5,619.1300048828125,619.1300048828125,28639300,TSLA
2021-05-27,620.239990234375,631.1300048828125,616.2100219726562,630.8499755859375,630.8499755859375,26370600,TSLA
2021-05-28,628.5,635.5900268554688,622.3800048828125,625.219970703125,625.219970703125,22737000,TSLA
2021-06-01,627.7999877929688,633.7999877929688,620.5499877929688,623.9000244140625,623.9000244140625,18084900,TSLA
2021-06-02,620.1300048828125,623.3599853515625,599.1400146484375,605.1199951171875,605.1199951171875,23302800,TSLA
2021-06-03,601.7999877929688,604.5499877929688,571.219970703125,572.8400268554688,572.8400268554688,30111900,TSLA
2021-06-04,579.7100219726562,600.6099853515625,577.2000122070312,599.0499877929688,599.0499877929688,24036900,TSLA
2021-06-07,591.8300170898438,610.0,582.8800048828125,605.1300048828125,605.1300048828125,22543700,TSLA
2021-06-08,623.010009765625,623.0900268554688,595.5,603.5900268554688,603.5900268554688,26053400,TSLA
2021-06-09,602.1699829101562,611.7899780273438,597.6300048828125,598.780029296875,598.780029296875,16584600,TSLA
2021-06-10,603.8800048828125,616.5900268554688,600.5,610.1199951171875,610.1199951171875,23919600,TSLA
2021-06-11,610.22998046875,612.5599975585938,601.52001953125,609.8900146484375,609.8900146484375,16205300,TSLA
2021-06-14,612.22998046875,625.489990234375,609.1799926757812,617.6900024414062,617.6900024414062,20424000,TSLA
2021-06-15,616.6900024414062,616.7899780273438,598.22998046875,599.3599853515625,599.3599853515625,17764100,TSLA
2021-06-16,597.5399780273438,608.5,593.5,604.8699951171875,604.8699951171875,22144100,TSLA
2021-06-17,601.8900146484375,621.469970703125,601.3400268554688,616.5999755859375,616.5999755859375,22701400,TSLA
2021-06-18,613.3699951171875,628.3499755859375,611.7999877929688,623.3099975585938,623.3099975585938,24560900,TSLA
2021-06-21,624.47998046875,631.3900146484375,608.8800048828125,620.8300170898438,620.8300170898438,24812700,TSLA
2021-06-22,618.25,628.5700073242188,615.5,623.7100219726562,623.7100219726562,19158900,TSLA
2021-06-23,632.0,657.2000122070312,630.0399780273438,656.5700073242188,656.5700073242188,31099200,TSLA
2021-06-24,674.989990234375,697.6199951171875,667.6099853515625,679.8200073242188,679.8200073242188,45982400,TSLA
2021-06-25,689.5800170898438,693.8099975585938,668.7000122070312,671.8699951171875,671.8699951171875,32496700,TSLA
2021-06-28,671.6400146484375,694.7000122070312,670.3200073242188,688.719970703125,688.719970703125,21628200,TSLA
2021-06-29,684.6500244140625,687.510009765625,675.8900146484375,680.760009765625,680.760009765625,17381300,TSLA
2021-06-30,679.77001953125,692.8099975585938,678.1400146484375,679.7000122070312,679.7000122070312,18924900,TSLA
2021-07-01,683.9199829101562,687.989990234375,672.7999877929688,677.9199829101562,677.9199829101562,18634500,TSLA
2021-07-02,678.97998046875,700.0,673.260009765625,678.9000244140625,678.9000244140625,27054500,TSLA
2021-07-06,681.7100219726562,684.0,651.4000244140625,659.5800170898438,659.5800170898438,23284500,TSLA
2021-07-07,664.27001953125,665.7000122070312,638.3200073242188,644.6500244140625,644.6500244140625,18792000,TSLA
2021-07-08,628.3699951171875,654.4299926757812,620.4600219726562,652.8099975585938,652.8099975585938,22773300,TSLA
2021-07-09,653.1799926757812,658.9099731445312,644.6900024414062,656.9500122070312,656.9500122070312,18140500,TSLA
2021-07-12,662.2000122070312,687.239990234375,662.1599731445312,685.7000122070312,685.7000122070312,25927000,TSLA
2021-07-13,686.3200073242188,693.280029296875,666.2999877929688,668.5399780273438,668.5399780273438,20966100,TSLA
2021-07-14,670.75,678.6099853515625,652.8400268554688,653.3800048828125,653.3800048828125,21641200,TSLA
2021-07-15,658.3900146484375,666.1400146484375,637.8800048828125,650.5999755859375,650.5999755859375,20209600,TSLA
2021-07-16,654.6799926757812,656.7000122070312,642.2000122070312,644.219970703125,644.219970703125,16371000,TSLA
2021-07-19,629.8900146484375,647.2000122070312,621.2899780273438,646.219970703125,646.219970703125,21297100,TSLA
2021-07-20,651.989990234375,662.3900146484375,640.5,660.5,660.5,15487100,TSLA
2021-07-21,659.6099853515625,664.8599853515625,650.2899780273438,655.2899780273438,655.2899780273438,13953300,TSLA
2021-07-22,656.4400024414062,662.1699829101562,644.5999755859375,649.260009765625,649.260009765625,15105700,TSLA
2021-07-23,646.3599853515625,648.7999877929688,637.2999877929688,643.3800048828125,643.3800048828125,14604900,TSLA
2021-07-26,650.969970703125,668.2000122070312,647.1099853515625,657.6199951171875,657.6199951171875,25336600,TSLA
2021-07-27,663.4000244140625,666.5,627.239990234375,644.780029296875,644.780029296875,32813300,TSLA
2021-07-28,647.0,654.969970703125,639.4000244140625,646.97998046875,646.97998046875,16006600,TSLA
2021-07-29,649.7899780273438,683.6900024414062,648.7999877929688,677.3499755859375,677.3499755859375,30394600,TSLA
2021-07-30,671.760009765625,697.530029296875,669.0,687.2000122070312,687.2000122070312,29600500,TSLA
2021-08-02,700.0,726.9400024414062,698.4000244140625,709.6699829101562,709.6699829101562,33615800,TSLA
2021-08-03,719.0,722.6500244140625,701.010009765625,709.739990234375,709.739990234375,21620300,TSLA
2021-08-04,711.0,724.9000244140625,708.9299926757812,710.9199829101562,710.9199829101562,17002600,TSLA
2021-08-05,716.0,720.9500122070312,711.4099731445312,714.6300048828125,714.6300048828125,12919600,TSLA
2021-08-06,711.9000244140625,716.3300170898438,697.6300048828125,699.0999755859375,699.0999755859375,15576200,TSLA
2021-08-09,710.1699829101562,719.030029296875,705.1300048828125,713.760009765625,713.760009765625,14715300,TSLA
2021-08-10,713.989990234375,716.5900268554688,701.8800048828125,709.989990234375,709.989990234375,13432300,TSLA
2021-08-11,712.7100219726562,715.1799926757812,704.2100219726562,707.8200073242188,707.8200073242188,9800600,TSLA
2021-08-12,706.3400268554688,722.7999877929688,699.4000244140625,722.25,722.25,17459100,TSLA
2021-08-13,723.7100219726562,729.9000244140625,714.3400268554688,717.1699829101562,717.1699829101562,16698900,TSLA
2021-08-16,705.0700073242188,709.5,676.4000244140625,686.1699829101562,686.1699829101562,22677400,TSLA
2021-08-17,672.6599731445312,674.5800170898438,648.8400268554688,665.7100219726562,665.7100219726562,23721300,TSLA
2021-08-18,669.75,695.77001953125,669.3499755859375,688.989990234375,688.989990234375,20349400,TSLA
2021-08-19,678.2100219726562,686.5499877929688,667.5900268554688,673.469970703125,673.469970703125,14313500,TSLA
2021-08-20,682.8499755859375,692.1300048828125,673.7000122070312,680.260009765625,680.260009765625,14781800,TSLA
2021-08-23,685.4400024414062,712.1300048828125,680.75,706.2999877929688,706.2999877929688,20264900,TSLA
2021-08-24,710.6799926757812,715.219970703125,702.6400146484375,708.489990234375,708.489990234375,13083100,TSLA
2021-08-25,707.030029296875,716.969970703125,704.0,711.2000122070312,711.2000122070312,12645600,TSLA
2021-08-26,708.3099975585938,715.4000244140625,697.6199951171875,701.1599731445312,701.1599731445312,13214300,TSLA
2021-08-27,705.0,715.0,702.0999755859375,711.9199829101562,711.9199829101562,13762100,TSLA
2021-08-30,714.719970703125,731.0,712.72998046875,730.9099731445312,730.9099731445312,18604200,TSLA
2021-08-31,733.0,740.3900146484375,726.4400024414062,735.719970703125,735.719970703125,20855400,TSLA
2021-09-01,734.0800170898438,741.989990234375,731.27001953125,734.0900268554688,734.0900268554688,13204300,TSLA
2021-09-02,734.5,740.969970703125,730.5399780273438,732.3900146484375,732.3900146484375,12777300,TSLA
2021-09-03,732.25,734.0,724.2000122070312,733.5700073242188,733.5700073242188,15246100,TSLA
2021-09-07,740.0,760.2000122070312,739.260009765625,752.9199829101562,752.9199829101562,20039800,TSLA
2021-09-08,761.5800170898438,764.4500122070312,740.77001953125,753.8699951171875,753.8699951171875,18793000,TSLA
2021-09-09,753.4099731445312,762.0999755859375,751.6300048828125,754.8599853515625,754.8599853515625,14077700,TSLA
2021-09-10,759.5999755859375,762.6099853515625,734.52001953125,736.27001953125,736.27001953125,15114300,TSLA
2021-05-05,214.8500061035156,215.83999633789065,213.2400054931641,213.8699951171875,213.8699951171875,1254800,VRTX
2021-05-06,212.25,213.5800018310547,211.05999755859372,213.16000366210935,213.16000366210935,1184100,VRTX
2021-05-07,214.3600006103516,216.7700042724609,213.80999755859372,215.00999450683597,215.00999450683597,1232000,VRTX
2021-05-10,215.6300048828125,216.27999877929688,212.75,212.8999938964844,212.8999938964844,1269700,VRTX
2021-05-11,211.8000030517578,214.0200042724609,211.38999938964844,213.0,213.0,1330200,VRTX
2021-05-12,212.05999755859372,215.6699981689453,211.7400054931641,212.67999267578125,212.67999267578125,1198000,VRTX
2021-05-13,212.69000244140625,215.0200042724609,212.3300018310547,214.3500061035156,214.3500061035156,1077100,VRTX
2021-05-14,215.1000061035156,218.17999267578125,213.2899932861328,217.08999633789065,217.08999633789065,1428200,VRTX
2021-05-17,215.6199951171875,217.6499938964844,214.8000030517578,216.3500061035156,216.3500061035156,933000,VRTX
2021-05-18,216.8999938964844,218.05999755859372,214.3800048828125,214.6499938964844,214.6499938964844,1336900,VRTX
2021-05-19,213.1999969482422,214.17999267578125,211.0,214.0500030517578,214.0500030517578,1117400,VRTX
2021-05-20,213.92999267578125,218.97000122070312,213.3999938964844,216.6100006103516,216.6100006103516,1417500,VRTX
2021-05-21,217.2899932861328,218.4199981689453,213.0,213.42999267578125,213.42999267578125,1618800,VRTX
2021-05-24,215.0200042724609,215.6999969482422,210.9900054931641,211.22000122070312,211.22000122070312,1505300,VRTX
2021-05-25,211.41000366210935,212.05999755859372,207.47999572753903,208.75999450683597,208.75999450683597,1707200,VRTX
2021-05-26,209.6300048828125,209.6300048828125,206.13999938964844,206.8000030517578,206.8000030517578,1485000,VRTX
2021-05-27,207.0399932861328,207.44000244140625,204.6199951171875,207.30999755859372,207.30999755859372,2194900,VRTX
2021-05-28,208.77999877929688,211.77999877929688,208.3000030517578,208.6300048828125,208.6300048828125,1724900,VRTX
2021-06-01,209.4900054931641,210.1999969482422,207.1999969482422,209.6699981689453,209.6699981689453,1808700,VRTX
2021-06-02,210.0,212.2100067138672,208.4499969482422,210.3800048828125,210.3800048828125,1559000,VRTX
2021-06-03,209.0399932861328,211.47999572753903,208.5,211.1499938964844,211.1499938964844,1447600,VRTX
2021-06-04,211.67999267578125,212.97999572753903,209.38999938964844,209.92999267578125,209.92999267578125,1601800,VRTX
2021-06-07,210.5800018310547,211.57000732421875,208.6199951171875,209.16000366210935,209.16000366210935,2258900,VRTX
2021-06-08,210.6999969482422,213.1699981689453,209.1300048828125,211.1300048828125,211.1300048828125,1917200,VRTX
2021-06-09,212.0,215.47000122070312,211.5500030517578,213.55999755859372,213.55999755859372,1599900,VRTX
2021-06-10,213.82000732421875,217.25999450683597,211.27999877929688,216.7700042724609,216.7700042724609,2623200,VRTX
2021-06-11,194.0399932861328,200.0500030517578,192.8800048828125,193.0200042724609,193.0200042724609,13725100,VRTX
2021-06-14,195.66000366210935,196.32000732421875,192.6300048828125,194.8000030517578,194.8000030517578,3399200,VRTX
2021-06-15,195.91000366210935,196.0,188.00999450683597,188.97000122070312,188.97000122070312,4608900,VRTX
2021-06-16,189.57000732421875,192.5500030517578,187.1999969482422,187.4900054931641,187.4900054931641,2796400,VRTX
2021-06-17,187.4900054931641,189.1699981689453,185.63999938964844,188.3600006103516,188.3600006103516,4314200,VRTX
2021-06-18,188.5200042724609,188.83999633789065,185.8800048828125,187.8500061035156,187.8500061035156,3517900,VRTX
2021-06-21,188.1100006103516,190.8500061035156,187.47999572753903,187.6999969482422,187.6999969482422,2027200,VRTX
2021-06-22,188.1300048828125,188.94000244140625,185.3300018310547,188.8699951171875,188.8699951171875,1879500,VRTX
2021-06-23,188.19000244140625,189.77999877929688,187.08999633789065,187.5200042724609,187.5200042724609,1930600,VRTX
2021-06-24,188.6000061035156,193.27999877929688,188.2899932861328,191.94000244140625,191.94000244140625,2482100,VRTX
2021-06-25,192.0,194.77999877929688,191.0200042724609,194.33999633789065,194.33999633789065,5671600,VRTX
2021-06-28,197.0,198.72999572753903,194.4199981689453,197.82000732421875,197.82000732421875,2803900,VRTX
2021-06-29,197.33999633789065,198.8000030517578,196.57000732421875,196.77999877929688,196.77999877929688,2645900,VRTX
2021-06-30,196.82000732421875,202.22000122070312,196.2100067138672,201.6300048828125,201.6300048828125,2572900,VRTX
2021-07-01,201.25999450683597,202.42999267578125,199.8600006103516,202.2100067138672,202.2100067138672,2551800,VRTX
2021-07-02,203.19000244140625,203.2400054931641,200.30999755859372,200.5399932861328,200.5399932861328,1402300,VRTX
2021-07-06,201.47000122070312,201.8999938964844,199.97000122070312,200.0500030517578,200.0500030517578,1947300,VRTX
2021-07-07,199.7899932861328,200.44000244140625,197.2100067138672,198.9900054931641,198.9900054931641,2308500,VRTX
2021-07-08,197.3999938964844,198.9900054931641,196.3000030517578,197.7400054931641,197.7400054931641,1806700,VRTX
2021-07-09,197.5500030517578,198.7100067138672,196.42999267578125,198.16000366210935,198.16000366210935,948300,VRTX
2021-07-12,198.0,198.4600067138672,197.1999969482422,198.33999633789065,198.33999633789065,2074900,VRTX
2021-07-13,198.16000366210935,200.44000244140625,197.3600006103516,198.3300018310547,198.3300018310547,1685900,VRTX
2021-07-14,197.50999450683597,199.0200042724609,195.75,197.88999938964844,197.88999938964844,1655000,VRTX
2021-07-15,196.7899932861328,200.16000366210935,195.8500061035156,200.08999633789065,200.08999633789065,2452800,VRTX
2021-07-16,200.6000061035156,204.4600067138672,199.25999450683597,202.27999877929688,202.27999877929688,3066500,VRTX
2021-07-19,202.16000366210935,204.25999450683597,198.3300018310547,199.2400054931641,199.2400054931641,1897500,VRTX
2021-07-20,195.0,196.9900054931641,193.8800048828125,196.5500030517578,196.5500030517578,3487800,VRTX
2021-07-21,196.0800018310547,197.2100067138672,194.4499969482422,196.2700042724609,196.2700042724609,1382600,VRTX
2021-07-22,195.3999938964844,196.57000732421875,195.0,196.0200042724609,196.0200042724609,1295100,VRTX
2021-07-23,196.72000122070312,203.5200042724609,195.5,200.5,200.5,2887400,VRTX
2021-07-26,199.42999267578125,202.41000366210935,198.25999450683597,198.92999267578125,198.92999267578125,4010700,VRTX
2021-07-27,199.8500061035156,203.1000061035156,198.66000366210935,202.8500061035156,202.8500061035156,1822500,VRTX
2021-07-28,202.8500061035156,204.8800048828125,201.0500030517578,202.2400054931641,202.2400054931641,1258500,VRTX
2021-07-29,202.72999572753903,202.94000244140625,198.8300018310547,200.3800048828125,200.3800048828125,1397000,VRTX
2021-07-30,201.5399932861328,203.4600067138672,197.30999755859372,201.5800018310547,201.5800018310547,2132900,VRTX
2021-08-02,200.6499938964844,201.2700042724609,197.4499969482422,198.32000732421875,198.32000732421875,2809600,VRTX
2021-08-03,198.58999633789065,200.7100067138672,198.02999877929688,200.0500030517578,200.0500030517578,2060100,VRTX
2021-08-04,200.0,202.0,199.1100006103516,199.58999633789065,199.58999633789065,2612200,VRTX
2021-08-05,200.25999450683597,203.1300048828125,199.72999572753903,202.9900054931641,202.9900054931641,1975500,VRTX
2021-08-06,202.9900054931641,204.0,200.52999877929688,200.6699981689453,200.6699981689453,1542200,VRTX
2021-08-09,201.3800048828125,201.5399932861328,198.6300048828125,200.3999938964844,200.3999938964844,2314400,VRTX
2021-08-10,200.5,200.66000366210935,195.33999633789065,196.4600067138672,196.4600067138672,2891700,VRTX
2021-08-11,196.82000732421875,199.27999877929688,194.52999877929688,195.25,195.25,4204300,VRTX
2021-08-12,195.72000122070312,196.3500061035156,193.8800048828125,194.80999755859372,194.80999755859372,3580200,VRTX
2021-08-13,195.0,195.7100067138672,193.6999969482422,194.3600006103516,194.3600006103516,3231900,VRTX
2021-08-16,194.6699981689453,194.9499969482422,189.6100006103516,190.97000122070312,190.97000122070312,3548900,VRTX
2021-08-17,189.47000122070312,198.58999633789065,188.83999633789065,198.44000244140625,198.44000244140625,2082200,VRTX
2021-08-18,198.72000122070312,198.72000122070312,194.67999267578125,194.7700042724609,194.7700042724609,1120200,VRTX
2021-08-19,194.3000030517578,197.9199981689453,194.3000030517578,195.0399932861328,195.0399932861328,1140900,VRTX
2021-08-20,195.6000061035156,198.6100006103516,194.3000030517578,195.8500061035156,195.8500061035156,974700,VRTX
2021-08-23,197.2700042724609,200.5,196.13999938964844,198.3999938964844,198.3999938964844,1125800,VRTX
2021-08-24,198.82000732421875,200.16000366210935,196.67999267578125,199.72999572753903,199.72999572753903,880100,VRTX
2021-08-25,199.58999633789065,202.1699981689453,198.08999633789065,201.3300018310547,201.3300018310547,1192700,VRTX
2021-08-26,200.94000244140625,202.7400054931641,197.91000366210935,198.25,198.25,1134700,VRTX
2021-08-27,198.1499938964844,202.7700042724609,195.8500061035156,199.9199981689453,199.9199981689453,1290000,VRTX
2021-08-30,199.3000030517578,201.55999755859372,198.6999969482422,199.4900054931641,199.4900054931641,1119600,VRTX
2021-08-31,200.2100067138672,200.3500061035156,198.1499938964844,200.2899932861328,200.2899932861328,1889700,VRTX
2021-09-01,200.6199951171875,202.5500030517578,196.3500061035156,197.13999938964844,197.13999938964844,1450700,VRTX
2021-09-02,198.05999755859372,199.8000030517578,196.6000061035156,199.22000122070312,199.22000122070312,1240100,VRTX
2021-09-03,198.5,199.17999267578125,196.66000366210935,198.0500030517578,198.0500030517578,985400,VRTX
2021-09-07,196.1999969482422,197.0500030517578,192.0,192.1999969482422,192.1999969482422,1714000,VRTX
2021-09-08,191.80999755859372,193.3999938964844,191.05999755859372,191.3699951171875,191.3699951171875,940300,VRTX
2021-09-09,189.4199981689453,190.1999969482422,188.0500030517578,188.08999633789065,188.08999633789065,1449900,VRTX
2021-09-10,188.1699981689453,190.1499938964844,186.1499938964844,188.57000732421875,188.57000732421875,1375500,VRTX
2021-05-05,120.55999755859376,121.3000030517578,116.45999908447266,116.83999633789062,116.83999633789062,2805200,SPLK
2021-05-06,116.83000183105467,117.5,113.8499984741211,116.77999877929688,116.77999877929688,2210800,SPLK
2021-05-07,118.04000091552734,120.55999755859376,116.83999633789062,117.81999969482422,117.81999969482422,1645400,SPLK
2021-05-10,117.0,117.04000091552734,113.68000030517578,113.73999786376952,113.73999786376952,2132200,SPLK
2021-05-11,110.5,119.62000274658205,110.27999877929688,119.25,119.25,2994800,SPLK
2021-05-12,116.20999908447266,118.18000030517578,115.0999984741211,115.69000244140624,115.69000244140624,2125700,SPLK
2021-05-13,115.9499969482422,117.68000030517578,111.5,111.98999786376952,111.98999786376952,2420200,SPLK
2021-05-14,113.69000244140624,116.45999908447266,112.70999908447266,116.22000122070312,116.22000122070312,1352700,SPLK
2021-05-17,116.0,116.43000030517578,112.81999969482422,114.37000274658205,114.37000274658205,1307200,SPLK
2021-05-18,115.23999786376952,117.0199966430664,114.29000091552734,115.41000366210938,115.41000366210938,2410600,SPLK
2021-05-19,112.58000183105467,114.01000213623048,112.11000061035156,112.7699966430664,112.7699966430664,2416000,SPLK
2021-05-20,114.51000213623048,116.66999816894533,114.02999877929688,116.26000213623048,116.26000213623048,2823200,SPLK
2021-05-21,119.0,120.08999633789062,117.06999969482422,118.0500030517578,118.0500030517578,1649500,SPLK
2021-05-24,118.87999725341795,121.33000183105467,118.5999984741211,119.69000244140624,119.69000244140624,1796400,SPLK
2021-05-25,121.2300033569336,121.2300033569336,118.4000015258789,118.70999908447266,118.70999908447266,1688100,SPLK
2021-05-26,121.43000030517578,122.68000030517578,120.5999984741211,121.5,121.5,2198800,SPLK
2021-05-27,120.83000183105467,122.0,118.58000183105467,120.81999969482422,120.81999969482422,1687700,SPLK
2021-05-28,121.6999969482422,122.69000244140624,120.41999816894533,121.1999969482422,121.1999969482422,1624000,SPLK
2021-06-01,123.52999877929688,123.58999633789062,119.16000366210938,120.27999877929688,120.27999877929688,2172900,SPLK
2021-06-02,120.20999908447266,124.0,119.87999725341795,123.79000091552734,123.79000091552734,3964000,SPLK
2021-06-03,116.26000213623048,119.18000030517578,111.66999816894533,111.9800033569336,111.9800033569336,7335700,SPLK
2021-06-04,111.87000274658205,113.81999969482422,111.87000274658205,112.41000366210938,112.41000366210938,2750500,SPLK
2021-06-07,112.98999786376952,116.37000274658205,112.81999969482422,115.69000244140624,115.69000244140624,4470000,SPLK
2021-06-08,116.0,118.02999877929688,115.61000061035156,117.11000061035156,117.11000061035156,1746900,SPLK
2021-06-09,117.5199966430664,118.5999984741211,116.05999755859376,116.06999969482422,116.06999969482422,1409800,SPLK
2021-06-10,115.66000366210938,120.58999633789062,115.1999969482422,120.54000091552734,120.54000091552734,2177100,SPLK
2021-06-11,120.4000015258789,121.02999877929688,119.13999938964844,120.94000244140624,120.94000244140624,1635000,SPLK
2021-06-14,120.9499969482422,122.41999816894533,119.16000366210938,122.38999938964844,122.38999938964844,1651800,SPLK
2021-06-15,122.37999725341795,123.5199966430664,120.66999816894533,121.41999816894533,121.41999816894533,2167400,SPLK
2021-06-16,121.0,123.8000030517578,120.77999877929688,123.37999725341795,123.37999725341795,2046200,SPLK
2021-06-17,122.6500015258789,126.75,122.33999633789062,126.3000030517578,126.3000030517578,3141800,SPLK
2021-06-18,125.79000091552734,129.52999877929688,125.22000122070312,129.08999633789062,129.08999633789062,4377200,SPLK
2021-06-21,128.99000549316406,128.99000549316406,125.0999984741211,125.48999786376952,125.48999786376952,2195700,SPLK
2021-06-22,136.3000030517578,143.3300018310547,135.2100067138672,139.61000061035156,139.61000061035156,10955100,SPLK
2021-06-23,138.49000549316406,138.5,135.35000610351562,137.6999969482422,137.6999969482422,3660500,SPLK
2021-06-24,138.49000549316406,139.8800048828125,137.1699981689453,139.72999572753906,139.72999572753906,2275700,SPLK
2021-06-25,141.74000549316406,143.24000549316406,140.25,141.24000549316406,141.24000549316406,3072800,SPLK
2021-06-28,142.0,144.39999389648438,141.67999267578125,144.19000244140625,144.19000244140625,2184100,SPLK
2021-06-29,144.0,145.9499969482422,143.5,143.8800048828125,143.8800048828125,2092500,SPLK
2021-06-30,144.08999633789062,145.55999755859375,143.22000122070312,144.5800018310547,144.5800018310547,2866600,SPLK
2021-07-01,144.85000610351562,146.4499969482422,139.8800048828125,141.02000427246094,141.02000427246094,2139100,SPLK
2021-07-02,142.35000610351562,143.58999633789062,141.66000366210938,142.2899932861328,142.2899932861328,1235300,SPLK
2021-07-06,142.5,144.33999633789062,141.3000030517578,142.91000366210938,142.91000366210938,1725500,SPLK
2021-07-07,143.30999755859375,143.8000030517578,141.0800018310547,141.32000732421875,141.32000732421875,1537900,SPLK
2021-07-08,139.00999450683594,140.00999450683594,136.50999450683594,138.52999877929688,138.52999877929688,2077500,SPLK
2021-07-09,136.77999877929688,138.64999389648438,136.0399932861328,138.3699951171875,138.3699951171875,1426500,SPLK
2021-07-12,139.5,140.1699981689453,135.55999755859375,136.0,136.0,1788900,SPLK
2021-07-13,135.8699951171875,138.0500030517578,134.82000732421875,135.52999877929688,135.52999877929688,1375700,SPLK
2021-07-14,136.6699981689453,137.27999877929688,132.11000061035156,133.05999755859375,133.05999755859375,1690400,SPLK
2021-07-15,133.7100067138672,134.4499969482422,131.94000244140625,133.5800018310547,133.5800018310547,1646000,SPLK
2021-07-16,134.67999267578125,136.13999938964844,134.07000732421875,134.38999938964844,134.38999938964844,2375100,SPLK
2021-07-19,132.64999389648438,135.07000732421875,132.1199951171875,134.0399932861328,134.0399932861328,2361600,SPLK
2021-07-20,134.83999633789062,138.5399932861328,133.1699981689453,137.8699951171875,137.8699951171875,2547800,SPLK
2021-07-21,138.1699981689453,138.1699981689453,136.13999938964844,137.0500030517578,137.0500030517578,1743000,SPLK
2021-07-22,136.50999450683594,141.3300018310547,136.39999389648438,141.07000732421875,141.07000732421875,2293300,SPLK
2021-07-23,141.10000610351562,143.5,139.5500030517578,141.75,141.75,1809200,SPLK
2021-07-26,141.6999969482422,141.83999633789062,139.6699981689453,141.6199951171875,141.6199951171875,1108600,SPLK
2021-07-27,141.35000610351562,142.8800048828125,138.19000244140625,140.5500030517578,140.5500030517578,1507300,SPLK
2021-07-28,140.58999633789062,143.30999755859375,140.58999633789062,142.4199981689453,142.4199981689453,1261500,SPLK
2021-07-29,141.88999938964844,143.74000549316406,141.35000610351562,141.8800048828125,141.8800048828125,764200,SPLK
2021-07-30,140.39999389648438,143.0399932861328,139.85000610351562,141.97999572753906,141.97999572753906,1217800,SPLK
2021-08-02,142.0,144.16000366210938,138.6300048828125,141.69000244140625,141.69000244140625,1321500,SPLK
2021-08-03,141.4600067138672,141.66000366210938,138.4499969482422,140.60000610351562,140.60000610351562,1597100,SPLK
2021-08-04,140.3300018310547,142.89999389648438,140.0,141.1999969482422,141.1999969482422,902500,SPLK
2021-08-05,141.47999572753906,147.82000732421875,141.25,146.50999450683594,146.50999450683594,2296700,SPLK
2021-08-06,145.2100067138672,146.72999572753906,144.16000366210938,144.66000366210938,144.66000366210938,1212000,SPLK
2021-08-09,144.6999969482422,145.32000732421875,143.74000549316406,144.32000732421875,144.32000732421875,1094300,SPLK
2021-08-10,144.10000610351562,145.85000610351562,141.0800018310547,141.30999755859375,141.30999755859375,1525800,SPLK
2021-08-11,147.08999633789062,149.2899932861328,144.74000549316406,145.47000122070312,145.47000122070312,2658200,SPLK
2021-08-12,144.5,148.82000732421875,144.39999389648438,147.6199951171875,147.6199951171875,1392900,SPLK
2021-08-13,147.2899932861328,148.75999450683594,146.82000732421875,147.4600067138672,147.4600067138672,1645800,SPLK
2021-08-16,147.16000366210938,147.5800018310547,142.80999755859375,143.00999450683594,143.00999450683594,1691600,SPLK
2021-08-17,141.4499969482422,143.35000610351562,140.14999389648438,143.2899932861328,143.2899932861328,1239400,SPLK
2021-08-18,144.1300048828125,144.91000366210938,141.72999572753906,142.22000122070312,142.22000122070312,1103300,SPLK
2021-08-19,141.66000366210938,143.32000732421875,140.63999938964844,141.27000427246094,141.27000427246094,2296600,SPLK
2021-08-20,140.97000122070312,145.88999938964844,140.47999572753906,144.3300018310547,144.3300018310547,1939000,SPLK
2021-08-23,144.72000122070312,145.5500030517578,142.4499969482422,145.0800018310547,145.0800018310547,1753400,SPLK
2021-08-24,146.4499969482422,153.17999267578125,145.9199981689453,153.02000427246094,153.02000427246094,3631200,SPLK
2021-08-25,153.0,156.9600067138672,152.67999267578125,155.02000427246094,155.02000427246094,4442100,SPLK
2021-08-26,156.25,160.0,146.9600067138672,152.88999938964844,152.88999938964844,6686900,SPLK
2021-08-27,152.91000366210938,155.77000427246094,150.52000427246094,155.07000732421875,155.07000732421875,2281600,SPLK
2021-08-30,154.99000549316406,157.1699981689453,153.7100067138672,154.24000549316406,154.24000549316406,2004000,SPLK
2021-08-31,154.0,154.67999267578125,152.27999877929688,152.8699951171875,152.8699951171875,1741600,SPLK
2021-09-01,153.16000366210938,157.42999267578125,153.16000366210938,156.60000610351562,156.60000610351562,1953400,SPLK
2021-09-02,156.44000244140625,159.25999450683594,155.1199951171875,158.11000061035156,158.11000061035156,1759600,SPLK
2021-09-03,157.1999969482422,159.89999389648438,157.11000061035156,158.44000244140625,158.44000244140625,1359100,SPLK
2021-09-07,158.0,158.44000244140625,155.5,157.2100067138672,157.2100067138672,1323600,SPLK
2021-09-08,157.00999450683594,157.75999450683594,154.47999572753906,155.25,155.25,989100,SPLK
2021-09-09,154.2899932861328,157.11000061035156,154.10000610351562,156.16000366210938,156.16000366210938,923900,SPLK
2021-09-10,155.86000061035156,156.94000244140625,153.61000061035156,153.85000610351562,153.85000610351562,1018800,SPLK
2021-05-05,486.4100036621094,488.75,481.0899963378906,482.4200134277344,482.4200134277344,842400,REGN
2021-05-06,483.1099853515625,502.9800109863281,478.3999938964844,498.6799926757813,498.6799926757813,1545300,REGN
2021-05-07,497.5899963378906,503.0,492.80999755859375,496.75,496.75,703200,REGN
2021-05-10,497.5199890136719,513.47998046875,495.0,502.3399963378906,502.3399963378906,1044800,REGN
2021-05-11,496.8200073242188,508.9800109863281,494.0199890136719,501.1900024414063,501.1900024414063,790700,REGN
2021-05-12,497.0,513.6699829101562,497.0,507.1400146484375,507.1400146484375,967700,REGN
2021-05-13,508.8599853515625,519.0700073242188,505.5700073242188,517.1699829101562,517.1699829101562,991400,REGN
2021-05-14,520.0,521.1300048828125,512.25,516.6199951171875,516.6199951171875,785600,REGN
2021-05-17,516.4500122070312,525.9600219726562,515.4400024414062,523.72998046875,523.72998046875,712200,REGN
2021-05-18,523.0,523.0,513.6799926757812,516.219970703125,516.219970703125,683300,REGN
2021-05-19,517.9000244140625,517.9000244140625,502.5,510.2699890136719,510.2699890136719,587400,REGN
2021-05-20,509.0,518.8699951171875,507.6300048828125,513.2100219726562,513.2100219726562,574900,REGN
2021-05-21,514.1300048828125,516.5,506.4299926757813,506.7200012207031,506.7200012207031,610400,REGN
2021-05-24,509.739990234375,509.739990234375,500.0799865722656,500.4700012207031,500.4700012207031,521900,REGN
2021-05-25,500.8399963378906,502.7200012207031,493.1900024414063,498.0299987792969,498.0299987792969,767500,REGN
2021-05-26,498.75,500.30999755859375,493.0,497.1600036621094,497.1600036621094,640700,REGN
2021-05-27,496.0,500.0400085449219,492.1300048828125,495.3399963378906,495.3399963378906,1058800,REGN
2021-05-28,497.6099853515625,505.2099914550781,497.2200012207031,502.4299926757813,502.4299926757813,542100,REGN
2021-06-01,505.760009765625,508.7900085449219,497.9299926757813,503.2300109863281,503.2300109863281,617100,REGN
2021-06-02,503.1700134277344,510.30999755859375,501.2000122070313,505.3599853515625,505.3599853515625,679400,REGN
2021-06-03,501.0700073242188,506.8900146484375,499.7799987792969,505.6600036621094,505.6600036621094,445000,REGN
2021-06-04,507.5899963378906,518.3699951171875,505.7999877929688,511.8900146484375,511.8900146484375,785200,REGN
2021-06-07,511.6499938964844,525.3900146484375,509.5,514.989990234375,514.989990234375,868700,REGN
2021-06-08,517.2000122070312,518.6199951171875,501.6900024414063,506.4200134277344,506.4200134277344,963600,REGN
2021-06-09,507.8399963378906,522.7899780273438,505.6199951171875,521.8499755859375,521.8499755859375,783300,REGN
2021-06-10,521.260009765625,533.260009765625,516.0399780273438,532.0399780273438,532.0399780273438,934900,REGN
2021-06-11,529.280029296875,530.260009765625,519.97998046875,525.5499877929688,525.5499877929688,622900,REGN
2021-06-14,525.0,529.2899780273438,521.9600219726562,528.75,528.75,497800,REGN
2021-06-15,528.0,530.719970703125,523.6599731445312,527.489990234375,527.489990234375,547500,REGN
2021-06-16,531.1699829101562,542.4199829101562,522.239990234375,523.5800170898438,523.5800170898438,914400,REGN
2021-06-17,524.0,538.5,516.75,536.010009765625,536.010009765625,846200,REGN
2021-06-18,534.6599731445312,540.030029296875,532.1300048828125,537.9199829101562,537.9199829101562,914800,REGN
2021-06-21,539.989990234375,543.739990234375,532.72998046875,534.27001953125,534.27001953125,678800,REGN
2021-06-22,533.0399780273438,535.1099853515625,526.9099731445312,534.02001953125,534.02001953125,655600,REGN
2021-06-23,532.8499755859375,534.7000122070312,523.2899780273438,529.7999877929688,529.7999877929688,636300,REGN
2021-06-24,533.0900268554688,545.3699951171875,531.3300170898438,544.4500122070312,544.4500122070312,790000,REGN
2021-06-25,543.5900268554688,552.5,540.75,550.5499877929688,550.5499877929688,1912800,REGN
2021-06-28,565.5399780273438,569.989990234375,542.5499877929688,542.7000122070312,542.7000122070312,1509400,REGN
2021-06-29,542.280029296875,548.02001953125,536.0800170898438,545.97998046875,545.97998046875,721500,REGN
2021-06-30,545.2000122070312,561.77001953125,544.52001953125,558.5399780273438,558.5399780273438,861800,REGN
2021-07-01,556.5999755859375,576.9199829101562,554.9500122070312,574.6199951171875,574.6199951171875,1277400,REGN
2021-07-02,576.0,592.8400268554688,571.5499877929688,583.6400146484375,583.6400146484375,1073700,REGN
2021-07-06,579.4099731445312,584.2899780273438,572.9299926757812,582.25,582.25,643900,REGN
2021-07-07,584.27001953125,590.9500122070312,580.760009765625,585.9000244140625,585.9000244140625,708700,REGN
2021-07-08,578.4400024414062,580.0,568.1500244140625,574.9199829101562,574.9199829101562,766600,REGN
2021-07-09,573.0,580.8499755859375,571.010009765625,580.4000244140625,580.4000244140625,550100,REGN
2021-07-12,579.9199829101562,586.3400268554688,571.0399780273438,574.030029296875,574.030029296875,655300,REGN
2021-07-13,574.5800170898438,582.1900024414062,570.6199951171875,577.010009765625,577.010009765625,448800,REGN
2021-07-14,578.5499877929688,582.8599853515625,575.5,581.0599975585938,581.0599975585938,380300,REGN
2021-07-15,579.9000244140625,593.2899780273438,575.0399780273438,589.3200073242188,589.3200073242188,776200,REGN
2021-07-16,587.8200073242188,590.0,580.0,583.239990234375,583.239990234375,515600,REGN
2021-07-19,581.260009765625,588.0,578.0,585.22998046875,585.22998046875,552100,REGN
2021-07-20,588.2999877929688,593.6900024414062,580.6599731445312,587.239990234375,587.239990234375,644800,REGN
2021-07-21,586.760009765625,586.760009765625,573.760009765625,583.719970703125,583.719970703125,480800,REGN
2021-07-22,581.6300048828125,590.6799926757812,580.02001953125,586.8800048828125,586.8800048828125,406900,REGN
2021-07-23,588.8300170898438,595.47998046875,583.760009765625,586.3499755859375,586.3499755859375,628200,REGN
2021-07-26,586.0,586.0,577.3699951171875,577.780029296875,577.780029296875,488400,REGN
2021-07-27,568.510009765625,581.2999877929688,565.0,581.010009765625,581.010009765625,474700,REGN
2021-07-28,582.0399780273438,587.9199829101562,579.0,586.4099731445312,586.4099731445312,404000,REGN
2021-07-29,588.6199951171875,591.6599731445312,582.0999755859375,583.1300048828125,583.1300048828125,361400,REGN
2021-07-30,581.4199829101562,583.280029296875,572.9099731445312,574.6099853515625,574.6099853515625,775600,REGN
2021-08-02,577.1199951171875,580.8699951171875,570.3800048828125,577.1300048828125,577.1300048828125,362200,REGN
2021-08-03,576.8499755859375,587.5599975585938,570.7000122070312,586.510009765625,586.510009765625,512800,REGN
2021-08-04,584.9199829101562,598.6599731445312,579.3200073242188,580.9500122070312,580.9500122070312,1042300,REGN
2021-08-05,588.6199951171875,603.1400146484375,570.8499755859375,602.469970703125,602.469970703125,1628400,REGN
2021-08-06,603.0900268554688,615.0,600.02001953125,610.8599853515625,610.8599853515625,1134500,REGN
2021-08-09,610.8499755859375,624.77001953125,610.5900268554688,613.9400024414062,613.9400024414062,962300,REGN
2021-08-10,615.72998046875,619.780029296875,604.5499877929688,614.97998046875,614.97998046875,651200,REGN
2021-08-11,616.0700073242188,621.3699951171875,603.4099731445312,608.4500122070312,608.4500122070312,630400,REGN
2021-08-12,607.0,611.52001953125,598.030029296875,608.0,608.0,577600,REGN
2021-08-13,614.0,625.0,612.6199951171875,624.7899780273438,624.7899780273438,821200,REGN
2021-08-16,625.6599731445312,630.0,615.0599975585938,628.5999755859375,628.5999755859375,869900,REGN
2021-08-17,626.1400146484375,650.0,624.010009765625,647.4400024414062,647.4400024414062,1183900,REGN
2021-08-18,650.0,658.969970703125,633.0,635.5700073242188,635.5700073242188,1642600,REGN
2021-08-19,628.9299926757812,662.8699951171875,628.9299926757812,655.6300048828125,655.6300048828125,1284600,REGN
2021-08-20,659.0,674.0700073242188,655.6300048828125,663.27001953125,663.27001953125,1302300,REGN
2021-08-23,665.2100219726562,671.489990234375,642.6799926757812,667.2899780273438,667.2899780273438,992900,REGN
2021-08-24,665.9199829101562,670.0,656.72998046875,669.9500122070312,669.9500122070312,731500,REGN
2021-08-25,672.8499755859375,674.0,660.7899780273438,669.1799926757812,669.1799926757812,643500,REGN
2021-08-26,670.0599975585938,674.4500122070312,663.2899780273438,665.77001953125,665.77001953125,473300,REGN
2021-08-27,668.9500122070312,673.0999755859375,660.75,663.2899780273438,663.2899780273438,424000,REGN
2021-08-30,664.0,678.6900024414062,660.4400024414062,677.0800170898438,677.0800170898438,865300,REGN
2021-08-31,677.510009765625,681.72998046875,668.3300170898438,673.4000244140625,673.4000244140625,829500,REGN
2021-09-01,674.719970703125,686.280029296875,671.6300048828125,680.9600219726562,680.9600219726562,822100,REGN
2021-09-02,683.5,684.9000244140625,674.5700073242188,675.75,675.75,689300,REGN
2021-09-03,675.6199951171875,686.6199951171875,672.0,679.5700073242188,679.5700073242188,564600,REGN
2021-09-07,679.4199829101562,679.5800170898438,658.02001953125,668.8099975585938,668.8099975585938,717500,REGN
2021-09-08,667.7999877929688,676.9400024414062,666.5700073242188,669.1900024414062,669.1900024414062,463100,REGN
2021-09-09,670.280029296875,672.8800048828125,644.6500244140625,646.1099853515625,646.1099853515625,1047700,REGN
2021-09-10,650.0,659.760009765625,646.1099853515625,650.489990234375,650.489990234375,747100,REGN
2021-05-05,97.75,98.8000030517578,81.41000366210938,82.62000274658203,82.62000274658203,84914500,PTON
2021-05-06,80.50399780273438,85.37999725341797,80.4800033569336,83.77999877929688,83.77999877929688,46079400,PTON
2021-05-07,89.55000305175781,92.0199966430664,82.91000366210938,83.80999755859375,83.80999755859375,62105000,PTON
2021-05-10,82.58999633789062,88.2699966430664,81.05999755859375,87.48999786376953,87.48999786376953,38641900,PTON
2021-05-11,84.13999938964844,91.37999725341795,83.62999725341797,91.01000213623048,91.01000213623048,25425900,PTON
2021-05-12,88.5,92.58999633789062,86.51000213623047,89.3499984741211,89.3499984741211,28848500,PTON
2021-05-13,90.69000244140624,95.5500030517578,90.52799987792967,95.29000091552734,95.29000091552734,28794600,PTON
2021-05-14,95.64199829101562,97.8000030517578,92.9000015258789,96.58000183105467,96.58000183105467,18743800,PTON
2021-05-17,95.84500122070312,96.97000122070312,89.43000030517578,92.29000091552734,92.29000091552734,17851500,PTON
2021-05-18,92.95999908447266,97.8499984741211,92.5500030517578,95.19000244140624,95.19000244140624,17131300,PTON
2021-05-19,93.35399627685548,97.56999969482422,92.62999725341795,96.5500030517578,96.5500030517578,14793300,PTON
2021-05-20,98.197998046875,100.75,97.8000030517578,100.45999908447266,100.45999908447266,11665400,PTON
2021-05-21,99.98999786376952,102.25,98.56999969482422,100.9000015258789,100.9000015258789,10514400,PTON
2021-05-24,101.72000122070312,102.11000061035156,98.12000274658205,101.16000366210938,101.16000366210938,13135300,PTON
2021-05-25,101.16000366210938,102.72000122070312,98.68000030517578,99.44000244140624,99.44000244140624,9340200,PTON
2021-05-26,99.95999908447266,110.48999786376952,99.95999908447266,109.55999755859376,109.55999755859376,26620600,PTON
2021-05-27,109.31999969482422,112.89900207519533,106.9499969482422,112.5999984741211,112.5999984741211,13568300,PTON
2021-05-28,112.47899627685548,114.0,110.12000274658205,110.30999755859376,110.30999755859376,7663400,PTON
2021-06-01,110.9000015258789,112.98999786376952,108.55999755859376,108.88999938964844,108.88999938964844,7181200,PTON
2021-06-02,109.2300033569336,110.56999969482422,105.9499969482422,108.5500030517578,108.5500030517578,8316100,PTON
2021-06-03,106.93499755859376,107.64800262451172,102.91100311279295,103.0999984741211,103.0999984741211,8464900,PTON
2021-06-04,103.68000030517578,104.58999633789062,101.5199966430664,103.01000213623048,103.01000213623048,6619900,PTON
2021-06-07,105.1999969482422,110.97000122070312,104.25,109.79000091552734,109.79000091552734,9138600,PTON
2021-06-08,110.30999755859376,112.46099853515624,108.37999725341795,109.69000244140624,109.69000244140624,7105700,PTON
2021-06-09,109.3000030517578,110.44499969482422,106.27999877929688,106.97000122070312,106.97000122070312,5384600,PTON
2021-06-10,106.1050033569336,107.9499969482422,104.48999786376952,106.08000183105467,106.08000183105467,5921900,PTON
2021-06-11,104.86000061035156,113.2300033569336,104.62000274658205,113.12000274658205,113.12000274658205,9666700,PTON
2021-06-14,112.36799621582033,114.75,111.5479965209961,112.08999633789062,112.08999633789062,6617600,PTON
2021-06-15,111.98999786376952,111.98999786376952,105.62999725341795,106.11000061035156,106.11000061035156,6075100,PTON
2021-06-16,105.71499633789062,106.58000183105467,102.6999969482422,105.06999969482422,105.06999969482422,8972500,PTON
2021-06-17,104.9000015258789,109.8730010986328,104.61000061035156,108.80999755859376,108.80999755859376,6552500,PTON
2021-06-18,107.59200286865234,110.19000244140624,107.23999786376952,109.12000274658205,109.12000274658205,6363200,PTON
2021-06-21,107.58999633789062,108.5999984741211,104.12000274658205,108.11000061035156,108.11000061035156,7878200,PTON
2021-06-22,107.4499969482422,117.66000366210938,107.4499969482422,117.16999816894533,117.16999816894533,13099900,PTON
2021-06-23,116.81999969482422,119.61000061035156,115.5199966430664,117.4800033569336,117.4800033569336,7885900,PTON
2021-06-24,117.87999725341795,124.2300033569336,117.0,121.8499984741211,121.8499984741211,12767000,PTON
2021-06-25,121.95099639892578,122.41999816894533,118.83000183105467,121.48999786376952,121.48999786376952,12475000,PTON
2021-06-28,122.06999969482422,127.9800033569336,121.4000015258789,126.91999816894533,126.91999816894533,11088500,PTON
2021-06-29,125.36000061035156,127.15499877929688,122.22000122070312,125.68000030517578,125.68000030517578,6133900,PTON
2021-06-30,125.08999633789062,125.66000366210938,123.36499786376952,124.0199966430664,124.0199966430664,4378500,PTON
2021-07-01,125.0,126.25,121.30999755859376,122.16000366210938,122.16000366210938,4681700,PTON
2021-07-02,123.08999633789062,124.9800033569336,120.16999816894533,121.5999984741211,121.5999984741211,3631700,PTON
2021-07-06,121.47000122070312,124.06999969482422,119.7300033569336,123.69000244140624,123.69000244140624,5878600,PTON
2021-07-07,125.2750015258789,129.6999969482422,123.1999969482422,123.51000213623048,123.51000213623048,6399500,PTON
2021-07-08,119.8550033569336,124.9749984741211,118.61000061035156,124.05999755859376,124.05999755859376,5716200,PTON
2021-07-09,123.8560028076172,123.9800033569336,117.70999908447266,117.83999633789062,117.83999633789062,6943400,PTON
2021-07-12,118.7300033569336,121.18000030517578,114.54000091552734,120.30999755859376,120.30999755859376,7372000,PTON
2021-07-13,119.56999969482422,121.61000061035156,118.5,119.8499984741211,119.8499984741211,4918700,PTON
2021-07-14,116.0,116.98999786376952,113.3000030517578,113.36000061035156,113.36000061035156,10359500,PTON
2021-07-15,111.9800033569336,114.70999908447266,108.0999984741211,111.19000244140624,111.19000244140624,8178400,PTON
2021-07-16,111.66999816894533,111.9499969482422,109.26000213623048,110.54000091552734,110.54000091552734,4593300,PTON
2021-07-19,109.98999786376952,118.66999816894533,109.66500091552734,118.43000030517578,118.43000030517578,9198400,PTON
2021-07-20,124.08999633789062,127.56999969482422,120.51000213623048,126.3499984741211,126.3499984741211,11892900,PTON
2021-07-21,124.73999786376952,127.16999816894533,123.27999877929688,126.43000030517578,126.43000030517578,5117100,PTON
2021-07-22,125.7300033569336,126.19000244140624,119.01000213623048,119.66999816894533,119.66999816894533,6576700,PTON
2021-07-23,119.0500030517578,122.96900177001952,117.56999969482422,121.5500030517578,121.5500030517578,4149500,PTON
2021-07-26,121.05999755859376,123.2300033569336,117.75,122.68000030517578,122.68000030517578,3239000,PTON
2021-07-27,122.8499984741211,123.94000244140624,117.2699966430664,121.36000061035156,121.36000061035156,4063400,PTON
2021-07-28,121.75,123.5989990234375,120.3550033569336,121.91999816894533,121.91999816894533,3307100,PTON
2021-07-29,121.62000274658205,123.43000030517578,117.91000366210938,118.0999984741211,118.0999984741211,4039400,PTON
2021-07-30,116.0999984741211,120.5999984741211,115.7699966430664,118.0500030517578,118.0500030517578,4417900,PTON
2021-08-02,117.9000015258789,122.69000244140624,114.625,120.69000244140624,120.69000244140624,4634600,PTON
2021-08-03,120.83999633789062,122.99400329589844,117.91000366210938,119.2699966430664,119.2699966430664,3712700,PTON
2021-08-04,119.54000091552734,121.0999984741211,118.13999938964844,120.93000030517578,120.93000030517578,3071100,PTON
2021-08-05,119.41999816894533,121.36000061035156,116.8000030517578,120.22000122070312,120.22000122070312,4303300,PTON
2021-08-06,118.80999755859376,121.16999816894533,112.6500015258789,112.69000244140624,112.69000244140624,5617100,PTON
2021-08-09,113.11000061035156,117.62000274658205,111.16999816894533,116.58000183105467,116.58000183105467,5036700,PTON
2021-08-10,115.96499633789062,118.23999786376952,113.55999755859376,113.83999633789062,113.83999633789062,3432900,PTON
2021-08-11,114.01000213623048,115.0500030517578,111.86000061035156,112.9499969482422,112.9499969482422,3833800,PTON
2021-08-12,112.91999816894533,114.51000213623048,111.66000366210938,112.63999938964844,112.63999938964844,2448000,PTON
2021-08-13,112.12999725341795,113.08000183105467,109.87999725341795,110.87999725341795,110.87999725341795,3179600,PTON
2021-08-16,109.91000366210938,111.9489974975586,107.19000244140624,110.0,110.0,5927200,PTON
2021-08-17,109.30999755859376,113.72000122070312,108.52999877929688,113.25,113.25,4644500,PTON
2021-08-18,113.4499969482422,113.9020004272461,109.75700378417967,110.6500015258789,110.6500015258789,3780800,PTON
2021-08-19,109.11000061035156,110.0500030517578,107.41000366210938,107.8000030517578,107.8000030517578,3907700,PTON
2021-08-20,109.0,111.0199966430664,107.8499984741211,108.06999969482422,108.06999969482422,4543800,PTON
2021-08-23,105.65299987792967,108.0500030517578,105.33999633789062,106.58999633789062,106.58999633789062,6596300,PTON
2021-08-24,110.29399871826172,114.26000213623048,110.01000213623048,113.70999908447266,113.70999908447266,7034200,PTON
2021-08-25,113.0,116.62000274658205,112.55999755859376,116.25,116.25,4410000,PTON
2021-08-26,116.5,120.62000274658205,113.3499984741211,114.08999633789062,114.08999633789062,14720200,PTON
2021-08-27,108.0500030517578,108.8000030517578,102.91000366210938,104.33999633789062,104.33999633789062,31909400,PTON
2021-08-30,103.75,105.23999786376952,100.5500030517578,101.4800033569336,101.4800033569336,11769600,PTON
2021-08-31,100.26000213623048,103.13999938964844,99.0999984741211,100.19000244140624,100.19000244140624,9805100,PTON
2021-09-01,99.91000366210938,101.75,98.29000091552734,100.04000091552734,100.04000091552734,9293600,PTON
2021-09-02,100.1790008544922,102.27999877929688,99.55999755859376,101.0,101.0,8577100,PTON
2021-09-03,100.86000061035156,101.3499984741211,96.9499969482422,98.55999755859376,98.55999755859376,8255900,PTON
2021-09-07,98.0999984741211,98.88999938964844,96.05500030517578,96.4800033569336,96.4800033569336,5734900,PTON
2021-09-08,96.20099639892578,99.12000274658205,96.05999755859376,97.5,97.5,5426300,PTON
2021-09-09,99.19400024414062,107.79000091552734,98.87000274658205,107.08000183105467,107.08000183105467,16954000,PTON
2021-09-10,106.91000366210938,118.61000061035156,106.54000091552734,114.38999938964844,114.38999938964844,22435300,PTON


